key	size	sha256	content_type
Axis2_Setup_2.0.4j.zip	1326635	3c39648f566c34acfd26ce07259a1628ca0f3034273b7cfa494e45660cc8bd8f	application/zip
CentrED_Manual.pdf	160737	a1b847d2e16267137f9b6880a5dfd66a769d628b51e50aa91f4e31eb4c42e9a0	application/pdf
CentrED_Plus.zip	3029194	54357f9a7e12b977d87d085ad31d5f8b4c8c75ca148dbe57dafc88030acac735	application/zip
CentrED_win_linux_server_client.zip	3324542	50f07b664c18ab43c1c4ac2275c5d0fa9a73ea19489816783aedea087f831471	application/zip
Dragon_10362_Imod13.zip	1114143	7fd5c7cb6a5edfb3508d3ee3f85411a2664a5ca8e57bdc7b245b1701966a6b29	application/zip
Dragon_10362_Imod9.zip	1098302	dee3a40714001487fa912ef6dba3aa4cde3f6156677a159199db27c967d60b60	application/zip
FAQ-Dragon-Problems.pdf	618735	43885cde6823958845fcd6f6ce43439ee54100f13bf13c3ad037ebae1550d87b	application/pdf
GumpStudio_1_8_R3.zip	254647	9a623e51ae8fb58bb81946b54ddfa67557d659ab9de11f33fd8daa15668809a8	application/zip
GumpStudio_1_8_R3_quinted-02.zip	289775	187ce5bc057e77d09395f8dc7a25e86bb6cfd36362a2b222c05b56a17def8a71	application/zip
Injection_09_08_2015.zip	4110789	06605e7c933953c0ba08253ca5b706bbefa05906b0733b985a72ab2760823490	application/zip
ManawydanMapConverter.zip	58942	9c8ddbdf6891a9e3b442a8b33cd42a4d7175351b430837cb944a16393de59012	application/zip
Map-Extractor-1.6.zip	166071	babff7ad2fe491de0b82c50e70c8204ab9f9267d8b52c6b73335e1333712e3de	application/zip
MultiUO.zip	28651	b8ffb4c15246ba5133013834b9680d5a1476a837d812aec52bb3ae2ed3b8cfd4	application/zip
PandorasBox-MLItemsDll.zip	280505	1be8c974f58ac69e505970805adff0e39da46690e7505acb06c5668845687bc6	application/zip
PandorasBox3.0.0.5.zip	995334	b59308427f22e984d17a28b720f8de4cf2e7c9ed90e6837b613aedc11b84a3d6	application/zip
PandorasBox3.0.0.5_source_code.zip	18843473	a5f6d8c52995bc7a10371f4e4d97fba8d6a73a2e78142b1253ca1285b48a097d	application/zip
RadAnimCalculator.zip	255588	b967dd2549b7d9b25ceef1c3e92855f3d18d7c6a4fba1084b6c6c448b0b8ae81	application/zip
Region-Editor-1.7.zip	426599	715b89b4074df5027ae017fa1440f64fe97c7af39b95879616dd49538cd0aa29	application/zip
UO-DragonMod11-MakingMapTutorial.pdf	935687	ed5f1d2a55852096e6964e5f9980dd57d7102ce0cf0ef256b361fc94cf0945cc	application/pdf
UOFiddler4.6.zip	2087556	0bcb687769c0a6bd151ab01aec19e272ec1db7a2ac40c81f136b4b45bbd1b83f	application/zip
UOLandscaper.zip	1020508	43d39543bf40038182c2c5a5f49f882b5b94faf083eb6dcb608757f2bba42d2d	application/zip
UOPPacker.zip	59984	9adf26068159c1367def0013540682e3dedbb7c2e490cabe329ac0a6c4479b87	application/zip
VirtualTiles.zip	224	752c6a9964a43b829f8990ca0f5dede74f42a2485700cda8bcc9c19738b8366b	application/zip
WorldForge.zip	2136653	5edaf0229c0e7a113d21ea2669041ac7a42c9213addc28a78487edcf53a745da	application/zip
dragonmod11.zip	3129400	3239741b946379d25ad63ede9b4cb87ab014d2a7eba05e71dc83664ade8add89	application/zip
dragonmod9.zip	1208145	df0ed08a287813dff3c8e68900779c840763e593edf7443fca91ba98f187776b	application/zip
manawydan/Pridanie_item_zbran.pdf	686546	d6edac028ea190bad8b49c826d9683aeb8a6d64061e5030cdf92477642bd9eaf	application/pdf
manawydan/Vseob_pokec_o_Mulpatch.pdf	605197	8fee6f2862e1ba39e766b0f1d213b719d87e55d5511989c0ad4ba42391e170cb	application/pdf
manawydan/animdata.rar	179675	c30798f93367c5ce766dac888c88ff6e6d6951e150427337ed69823e73a1261f	application/vnd.rar
manawydan/animedit0_2.rar	1528763	df4aebc4f2b96ab1ff0922bf2b7bb6ac19e96feb99b1d887520c2618285dd399	application/vnd.rar
manawydan/animpatcher.rar	172013	30f261276f0eadbe5f976a23e94358ec68120714ae8068bbc9f5c18416829140	application/vnd.rar
manawydan/animpatcher_source.rar	7322	3917dacf17689cbc56d8456d7bd29427200aa7d7c0f679857d8f2dc1a9983aab	application/vnd.rar
manawydan/animsharpedit.rar	1828006	cb37909772b5a24fdea6c88e63b6262d7b245436d35eb2b2cc559558bf192ebb	application/vnd.rar
manawydan/arya/decoedit.rar	1256490	b243a8bceea14ed46d764d020c1fcb7a82dec884aac6d38114ae31200ceac81d	application/vnd.rar
manawydan/arya/huemanager10.rar	193964	d6bdf1ee35697d611744438fd07874b0752467811b71d90955a05f70b620ae16	application/vnd.rar
manawydan/arya/huemanager10source.rar	66661	af14ee046d410c07e80d861154e8e310faa047758ea2e36d241ff551fe6ce56f	application/vnd.rar
manawydan/arya/locationeditor.rar	205046	078c22ae8dfbe09306c00d2d2181ecb42d5267c799f57ed893a14ecac70938a4	application/vnd.rar
manawydan/arya/locationeditorsource.rar	54870	77cb9c05639fd5d863c9799fb747373a9148e4bf27ffd96c3cd796cd50eb47c9	application/vnd.rar
manawydan/arya/nemesis.rar	21582	dfe6af1e7edd2e87a673da62d85d1c2255b9cd46c0f3a80cf81625dec1741563	application/vnd.rar
manawydan/arya/pandorasbox2005_runuo2.rar	460198	62c1de8b54dcb714daf0e2ba6e193f584d048b5b31ddba6cbfc3669b8c2e789e	application/vnd.rar
manawydan/arya/pandorasbox2005source.rar	1848094	20232fd5cd4ee0d159022730a5c926869c3722fef8d97b9d4dac818639950d18	application/vnd.rar
manawydan/arya/pandorasbox2007.rar	353730	ce9769e26d022b1d2ff5f78b479870b674aebd004000b701a2065b5d69d2f7a0	application/vnd.rar
manawydan/arya/pandorasbox3002.rar	670708	1213b9337c0ce0e56048513192edeec318ee851c3e9d7943c097592f323c2c0b	application/vnd.rar
manawydan/arya/regioneditor.rar	202883	d035a84c5e0b27f44078a4d0f7516e42fd5f5feba85754846efe27a470f114f5	application/vnd.rar
manawydan/arya/regioneditor2source.rar	32011	fd6b615c598f5b3a5137a9bb645d4fc17133025634bd06778eb7a829891711a0	application/vnd.rar
manawydan/arya/regioneditorrunuo2.rar	311131	a4e13a984f2568c6da3a5e7707e6c0cdc56d43083e12a6f201bf1387f6d63545	application/vnd.rar
manawydan/arya/regioneditorrunuo2source.rar	72683	43cafcbc604f43f5d280f4c282a75a9d3cb3306c5cea83b75b8384664cec8dda	application/vnd.rar
manawydan/arya/regioneditorsource.rar	54793	5b9dd79ba162c2bebd85b18dca27221d131ca8280c09ef47c45b39562ec712de	application/vnd.rar
manawydan/centred063.rar	1204026	631f7bcae0b3f835e624a8de4bc1e78cc4dbed9bcf652501a9079cc961a719fb	application/vnd.rar
manawydan/centred_changelog.txt	3308	dd5588337e7a77bfef118e3ae3a9c6714f4d67f7000e99c5c597cfedcca9eae3	text/plain; charset=utf-8
manawydan/centredplus77.7z	2789044	98d05177261cca8b2e8c7e02a4b56d677693af1fa36f9cd7ce1bf43b4a809b09	application/x-7z-compressed
manawydan/changeuop.rar	27435	217a96ad7f478981a7290f8eac1de326bb19533606c7a55b3ac40c41a30e1fbe	application/vnd.rar
manawydan/copymuls.rar	167214	6cfb8be46487d6f385475693007acd4c995a90a1f7f0f9053394f7f2f17cbc57	application/vnd.rar
manawydan/dragon_mod10.rar	1129256	782e93fb911600bafa5af5eb93a6c30d572decc9190d8486ba4c2f34a00db15c	application/vnd.rar
manawydan/dragon_mod11.rar	2459851	ec8f185eff26d11711162c3ba6aaaad33346ad5bec890c5a99769849bd128095	application/vnd.rar
manawydan/dragon_mod9.rar	901621	71eab2d2d93399f115ad160fe9d9d320f822bf3fafa820da502547d752d31b6c	application/vnd.rar
manawydan/dragon_mod9plus.rar	74165	18990e8539d794930bfa8f53a7064d8dc9d24d9c514595ef6bf2cf160a34b372	application/vnd.rar
manawydan/gumpeditor031beta.rar	266283	a9661f45da3fc90ca86af06e9f0dc55d498f888db3016e7b4833374760101dcb	application/vnd.rar
manawydan/house_builder13c.rar	229931	300b4cabdeecee39a67843c80b65e6440ae24766f2c465b22289a21e2fb95cb2	application/vnd.rar
manawydan/house_builder13c_source.rar	162473	01280afa8d57aee8dc202f33fad377b733af14fdd3b5868f9e49dcc7ab41f3ba	application/vnd.rar
manawydan/insideuo.rar	316955	f91fb6dae99bc72c5f894bfc27f4ea141deb2d3164db4c799c6e5bc9f64d04aa	application/vnd.rar
manawydan/insideuo_source.rar	226559	496f011d78717080a37004306543eb9b86bc67b288bb03a09b145b2c548c3368	application/vnd.rar
manawydan/iris_framework0_4.rar	10027311	12893b9f347e58e9fef4c020777e2b006b6a19547a7d9385f22ddd756d172a96	application/vnd.rar
manawydan/kons/UO_Protocol_Guide.pdf	383679	0efdcfff4121655b55e425c76615d858e287ee86f7e6485977bfe51cc62740a6	application/pdf
manawydan/kons/frameviewer051.rar	57858	7ae997cd46b4aed8fef8713297ffcab9e1753c631b767e24b2412830b81bf8ac	application/vnd.rar
manawydan/kons/frameviewer061.rar	12467	cb0e95906e21caa25346067e055780544ff279ec469f28a5a05a8380814ed3d2	application/vnd.rar
manawydan/kons/uoark268.rar	321770	0b5cc8b54d2bc13512331ff3d46d546b04a74fd9cad7ff51b36d865f183fd71f	application/vnd.rar
manawydan/kons/uoreader087.rar	1898449	f1a4c2afb331d33372511e33f6dd666a2c01b08026e30bd2f46987fd527db3d6	application/vnd.rar
manawydan/kons/uosaloader23.7z	40610	083f1fac967ea98e8bf9efe81deeb2514acfd5d7983aa3945835df0984873a80	application/x-7z-compressed
manawydan/land_patch.rar	2586342	b79ab4619715a6c74568b5ef71fdf84091df84242e1bc89b7502e6d113eb5e12	application/vnd.rar
manawydan/michelangelo0309.rar	66904	15f20102b23ce7452dd23df02a1da0da7eb7a460869788cc4d67881e3cbc4fd0	application/vnd.rar
manawydan/mul2bmp.rar	1970680	cbac0331d59da6ee8e21ac175e592bddfc607e1e71b242f1c5a8c850e33e16f8	application/vnd.rar
manawydan/mul2bmp_perfect_bmp.rar	3691	0cebc5b6999b6149b14bfdab754cee95ded9c810eec485d5e8148cb06a9f1925	application/vnd.rar
manawydan/mulbuilderbeta2.rar	548696	3e1557d862307d4b0a220f4dc6d934a8f7e1a93141b8376710ac9a2b690694c3	application/vnd.rar
manawydan/multool.rar	31855	57c36509c5e4912418dcd2424f3951f5caffa442a936f40f2895d58a3f0fefc7	application/vnd.rar
manawydan/orbsydia/gump_studio_1_7_manual.pdf	446175	7b796b5b00eed391ddca45d2844716a37f542044ee8aa5ac7282947ffb774e25	application/pdf
manawydan/orbsydia/gump_studio_1_7_updated.rar	184349	72b08d27ceaebf4d035fb0702953a6160c7091444143341826dfba17ade778e0	application/vnd.rar
manawydan/orbsydia/gump_studio_1_8.rar	283211	98b97c35da19aca47863c9c8b06a6dc12847aee331d7328c861259209ebe3e47	application/vnd.rar
manawydan/orbsydia/gump_studio_1_8_r2.rar	205604	3bc7739fa5919171474816559ce79db1bc49f1e20b9dec21dbb3156b01e37bc8	application/vnd.rar
manawydan/orbsydia/gump_studio_1_8_r3.rar	209557	cf15fd921a60e43015148353cf05ad3b48ad492a64f0c10499699adff04872cb	application/vnd.rar
manawydan/orbsydia/uo_maps_uol11.rar	1022503	5d2b86801a7f4912f74951e39f0808c24e052527741ae8085544d13710551ca5	application/vnd.rar
manawydan/orbsydia/uoar261source.rar	1537570	91e00ef175ae153c8b9c5a5cd65aa61f37ec1b42cc0cb1fed984f3d6887762ca	application/vnd.rar
manawydan/orbsydia/uoar262.rar	449165	ff009f2c71338e13271552b38c3c773a93a472049d26e0c36581176c0ba76d8f	application/vnd.rar
manawydan/orbsydia/uoar273.rar	771545	24925d032f85376fe7373cb89efb6e3d2d5cee653cac77a2072cfe139515501a	application/vnd.rar
manawydan/orbsydia/uoar2_4.rar	331216	e863649485c34c1c34630e8bf4083c6aa3a3bdaf17256bf9f0720a411c6430b6	application/vnd.rar
manawydan/orbsydia/uoar2_4source.rar	812119	f6b8186a56b2ad60d24eefcf322fa192388bd8cbe9d4bf91875d4476ed00550e	application/vnd.rar
manawydan/orbsydia/uoar2_6.rar	359340	0ce5ba1879e9af2bd4266aed58b7a2f19b836e1edc6bccc2e7d9e653ec98291f	application/vnd.rar
manawydan/orbsydia/uoar2_6_1.rar	282617	767081e3ca2cdfd3fb0ba41d32d8a315ec89c465a6b7ec486358460cccdf2d11	application/vnd.rar
manawydan/orbsydia/uoar_toolbox.rar	21487	9d22817373e7b3d402ad284463d7cc02a439613bc2b4bb6cc09aaf6cdedd1349	application/vnd.rar
manawydan/orbsydia/uol1_1.rar	565468	45f70cd7c7ecdbe62c7ffa2a602ff230477a6fd7137f83b3c170c94cd374f4a8	application/vnd.rar
manawydan/orbsydia/uol1_2.rar	723064	c2aabd0818adcbdf6152f55f7b139eb76737141928b721711cc5f9a6b1f60fc9	application/vnd.rar
manawydan/orbsydia/uol1_3.rar	784774	a0a61a5af17f81782f55aaa18947a1b546a79c4d9bd0fa393a9e07f53f686833	application/vnd.rar
manawydan/orbsydia/uol1_4.rar	670800	dcd641097d7fc09f6e78fca8152b9607da2cd6dad1f09f3f97e3aa5491252e33	application/vnd.rar
manawydan/orbsydia/uole2.exe	422091	d179a881afcd6c86f60a66ad5b3591b46cb2db277be91406a1f363e5905b568e	application/octet-stream
manawydan/orbsydia/uorotator10beta.rar	16951	7a0f44718f099a021f69787cf0c9662a018a69994021778da95d75c71395cdcc	application/vnd.rar
manawydan/orbsydia/worldforge1.rar	1624393	bd4f23e7693a460c44c131bf31fb6859ec747b94b39493a84c83b7d1ccb2b214	application/vnd.rar
manawydan/paradise.rar	257018	c6421203547dc99abf67d3ec75798c3b6598e8a0055960e08a6b71990a9c5758	application/vnd.rar
manawydan/paradise_gump_patcher.rar	218288	e7fd695b31c6d63a2b31f8de112a044e34a6d8cc72ffc915c785e75f949f6ba0	application/vnd.rar
manawydan/paradise_static_anim_patcher.rar	203015	549a1d37467c7191f7e65ca3dfbe8ff61a45b653a5190a9af2ed1c070824933d	application/vnd.rar
manawydan/punt/cartography.rar	1971551	19e02f5a0d3b7b731f7b7ac028f3cba66642944435798355f4eb0ca5672cbdeb	application/vnd.rar
manawydan/punt/cartography_source.rar	7299	e43750c1a834541828c334208069f867b7d2a32086c24eb6ef4f81caeafa437c	application/vnd.rar
manawydan/punt/mapgen2_altitude_mod.rar	119279	e03a76179ecbf73e4794ca82242b634d99ecb4b4fd8b7c111e131d2ff6bc824f	application/vnd.rar
manawydan/punt/mapgen2mul2bmp.rar	1998677	81a15a65610b2e968cc571ee267d0f3aaf71a4560c84305d04d23f87b920a025	application/vnd.rar
manawydan/punt/mapgenerator.rar	125714	e4069e2137ea4a73c435db3aa480506c979336b25938901e3e3f07e659913302	application/vnd.rar
manawydan/punt/mapgenerator2.rar	429992	ec45f1d6ad2f7624411f8676e3abb8e17eec0581313cc75e6d79fc998219afdd	application/vnd.rar
manawydan/punt/qt4.rar	4331521	0c386480d98fe7aacee3c283bb94cb5498803dbbf6dae88f93fefb417cb1ad69	application/vnd.rar
manawydan/punt/qt4_1_3.rar	5616270	6aaa2fcea8b14a4f33d57a7b3f70024ecc5e410f7b23010fe593d2e294210291	application/vnd.rar
manawydan/punt/qt4_1_4.rar	3876502	419bec896b0d7e8310e6aa2ba1bac6f801e979b0a7753661f4bb186681cf9504	application/vnd.rar
manawydan/punt/wfmap.rar	302663	8f7c6dbe90f3ba4f5df7f60a2e6de4605079721db67f1ffe9a9b03bbfaa4995f	application/vnd.rar
manawydan/punt/wfmapsrc.rar	110100	98dfca49e8ef4a2448cfe8362f0f0a655c737444e80e5f8765fccb7c52431e19	application/vnd.rar
manawydan/punt/wfmulti.rar	266248	e855d1273c9f071ecca45db2311d02b7fd48064efde35adcf511f5dd34213a46	application/vnd.rar
manawydan/punt/wfmultisrc.rar	104031	3cd57717125480697cddf6ba8a365c0eefd2d139f8d0f4688ba8bfd6f15fafb1	application/vnd.rar
manawydan/punt/wm_dekarus11.rar	3715429	7d1af790861824128f9014e8a73adcd641e7dfb92127307e01f128db3fe97395	application/vnd.rar
manawydan/radaredit.rar	206330	c0c667edd1d0aa3c5f0c1c24ae72beb9a5ab7a40807264490caffc724ad362ab	application/vnd.rar
manawydan/radstar/animace_222.rar	321902	3390848337c71f813218d6b384d140f55be2e8174542d945b439c606e8e3e97c	application/vnd.rar
manawydan/radstar/mw_anim_vd_convertor110.7z	421622	c44eee6ffb7de82eabbcebed38b638e269672516e5eaaee3e58698dbe906c322	application/x-7z-compressed
manawydan/radstar/mw_bin_convertor111.7z	503543	73fee400385864f34447570913a867450b5e6e1a7e98dd72499db9ed7af9413b	application/x-7z-compressed
manawydan/radstar/mw_civilization_convertor130.7z	9368026	ecf97e19291ac51a0de8bfdcb6808370c9697074cc8f0634637bea46f0569ba5	application/x-7z-compressed
manawydan/radstar/mw_civilization_convertor130x64.7z	10281503	006572634ef3c0314e95bd3d1bcd8892c14dc13a6b25348c985196d70d103bc6	application/x-7z-compressed
manawydan/radstar/mw_gump_checker150.rar	508936	eef4efd13a5450dba60f14d3fe17b7d015835e8b0b87477360477d6ba23d8cfe	application/vnd.rar
manawydan/radstar/mw_infinity_130.7z	1040009	55477902e4866850529a36c893b60f46a6252540083d4e10bfe43b2971734f3a	application/x-7z-compressed
manawydan/radstar/mw_infinity_130high.7z	1040926	839cb56f2f782fc359a077b49e93c517c84704fecf8ad5f5f23dd5847d9f4d50	application/x-7z-compressed
manawydan/radstar/mw_sound_editor121.7z	427948	8583a509852a0c31ba2bb79a17a8ee5a8e104489297e1e38f357ea2cd3b4d999	application/x-7z-compressed
manawydan/radstar/opravena_grafika.exe	167325	6fd96681643c56925b5cedc8c44dc8907acd70bf24af54e9c8f3c7a154cd1d96	application/octet-stream
manawydan/radstar/opravena_grafika.rar	88326	21641af5a175363a8cfedec94f1c00259695a7efb81c85d06246d5229cc32ede	application/vnd.rar
manawydan/radstar/radanimcalculator1.0.1.exe	262731	333888b65d7e723470feb95108f99ed695e7296e0336b8aaf8ad85109f3d6bd2	application/octet-stream
manawydan/radstar/radimagecutter1.0.0.exe	296990	051d83c6845e891b5a1f079b03a45b7b31b637c7801c8b2fced67019af38e315	application/octet-stream
manawydan/radstar/raditems_changelog.txt	1707	c1a67bf135636f4c099ebf6bd4c37e287ff8ac493d2359f10488d2743e4afb92	text/plain; charset=windows-1250
manawydan/radstar/raditems_changelog_eng.txt	341	3a6cabe17db7d29e14224097e2b00db25a240626e06bd1a5c85f96969d0ee5e7	text/plain; charset=windows-1250
manawydan/radstar/raditemsdatabase1.1.0.exe	728611	8203f1708ee2cbe54d192f93d5b54c770eaa90072592f5ddbc61051c4ff5e6f9	application/octet-stream
manawydan/radstar/radmap_worldforge141.rar	1247095	1289fded3419ecac906abb2e8edf87bf6ac8509b59b26e91ed6f755eff40adc8	application/vnd.rar
manawydan/radstar/radmap_worldforge1_3_1.rar	401830	1ea621a6ae5d8ed260da78e67b0b33e6cb2e9dc6e53f34e0a833b73603780647	application/vnd.rar
manawydan/radstar/radmap_worldforge_changelog.txt	3768	f813c7356e989074a684ca1a06d41fdfcf9032109d9dc493465415d47da83f67	text/plain; charset=utf-8
manawydan/radstar/radmap_worldforge_changelog_czech.txt	5041	ba06f726052194bf9184d025af9ac81188d6eb4c962bec40a0079d00067fe3f2	text/plain; charset=utf-8
manawydan/radstar/radmapcopy2_2_0.rar	248095	72b4dc760093067af04c7f1ec94c05b435a4104fb28d5927a5ffea19bbd016ee	application/vnd.rar
manawydan/radstar/radmapcopy301.rar	1107057	c9a883b92103a847818e4081f7cd6b9f3192f50d98ddc081acebcfb349035e7c	application/vnd.rar
manawydan/radstar/radmapcopy_changelog.txt	4210	0a0034a7dffe6f2ce2db56744f76217a04957cdcbf128f6264053c9f1bb2f5d1	text/plain; charset=utf-8
manawydan/radstar/radmapcopy_changelog_eng.txt	2392	99cc8f74324073b7fe5e82c27a1aabb55605429b7f243f082cb896752ac95a3c	text/plain; charset=utf-8
manawydan/radstar/radmapcopy_source.rar	18012	5a1e837a010fc9cc910b43a9e9a36cd2f564cff92e665da9476690c0fa40f7b6	application/vnd.rar
manawydan/radstar/radmapworldforge_source.rar	186505	b008651dfc784940f8ef2dca09b1d0927fd566e2938bf0a238fe910ae73939fe	application/vnd.rar
manawydan/radstar/raduol_changelog.txt	1037	17bd64ad3b7f26fbae3bb4bf80f484f9a428c8b07e581cc7ff33db3f54a6dd32	text/plain; charset=utf-8
manawydan/radstar/raduol_changelog_czech.txt	1166	8fbe8d6ad184285cd9d10c97412d3fa81fe7e33218ffc57e4fc6f48eb2587474	text/plain; charset=utf-8
manawydan/radstar/raduol_checker1_2_0.rar	234127	769163b7d2f9782a79a16a1755d2816e7e18922d8faf224ccef8997e5b68a1e0	application/vnd.rar
manawydan/radstar/raduolchecker_source.rar	115109	3e5d000e3900f095c1e15b9d8c074feb3e48fc928816ddb6dcfb4a5558d957d2	application/vnd.rar
manawydan/ravenal/genesis252f.rar	6273314	8241827580598eb41f368c069bfd9e8701ce924928eb4c598abb7a9fc2ad2d53	application/vnd.rar
manawydan/ravenal/genesis_changelog.txt	3443	9dfb335e03a00e60d3a41779dbeae055a59474e3626950ae02f8afab0ed1d20f	text/plain; charset=utf-8
manawydan/runuo/gemuo_14_04_2010.rar	2779242	310eeef1f2cb1d023309fa0f14e13f806dc6ba1cc4b60eaf412e781296d016b8	application/vnd.rar
manawydan/runuo/runuo23_svn1082.7z	4352027	165a0994dae2096f604197e5b8533924291cdd138222732d400a3552c3a8c4b2	application/x-7z-compressed
manawydan/runuo/runuo2sa15.7z	2360716	deb30ffdb57b9f46129273f779fac2a46a3c69c79cc6a27a4995af04092276b8	application/x-7z-compressed
manawydan/runuo/runuo_1_0_0.rar	5250382	049db893f80438ce1bdf96be031d171e3b73fb15dc0867f8cf9f19f1e79d750b	application/vnd.rar
manawydan/runuo/runuo_1_0_0_source.rar	199752	3c61b2ffef308eb60ea88123b56e6eb43a2457926db02e848e6f3c5e796f65f5	application/vnd.rar
manawydan/runuo/runuo_2_2.rar	3577123	a42de1c9143bdb2ecdd1d49dddcb71fbbcbf04658187dfdbaaa2207fab59665a	application/vnd.rar
manawydan/runuo/runuo_2_2_source.rar	169956	560abfd9426c8e15eb9ec7a216488c722055f430074dbca20873c139cf36d418	application/vnd.rar
manawydan/runuo/runuo_2_6.7z	4920176	4ba176031a0d30f3c6afcc05e0386e281f94c96196e29bd24dfa631edd0ab605	application/x-7z-compressed
manawydan/runuo/runuo_re_1270.rar	1689195	9875a9d9b03253612287ad29e0f7b8964fbe8104625f35c858a2fad32722ab8c	application/vnd.rar
manawydan/runuo/runuo_re_1270_source.rar	150859	0aff6ff442b5959618f95e8789ddc7d8a5d94d063f62d2450f7c213daaf153c3	application/vnd.rar
manawydan/runuo/runuo_re_changelog.txt	58552	bf2a99ed3122031afbc07d93027380a6105b80757a4ffa6bce999e28ee57ae4e	text/plain; charset=windows-1250
manawydan/runuo/runuo_scripts_mht.rar	123861	7cdffec491c1824773bb1532354d8c4639b5a46b3a451bd70eb3eb694993e89f	application/vnd.rar
manawydan/runuo/runuo_scripts_xls.rar	285799	d932d0d25ae9c5baf58d839e5d5a68e8a53e19b5fe0a89d46e6d4f864aee9c76	application/vnd.rar
manawydan/runuo/sunuo0_5_1.rar	3308492	f1416bcdcf7fdc4e644c32a483d41a5386d17911692c5fb9d695bd84f8b12c1f	application/vnd.rar
manawydan/runuo/sunuo0_5_1_source.rar	1572969	29bfdbf124735d98c2ac3cbf1cc508c1cb2cb2d66218349c4147297e48bddfea	application/vnd.rar
manawydan/runuo/sunuo_changelog.txt	17419	0b7bfbd43de34cc43495006274a8e63d4ef009288f323bb3136106d0179c1fce	text/plain; charset=utf-8
manawydan/skilltools.rar	45786	217da0cb602a2a96970ab59ab6461a5d9999500eb13436ff19dfbb622e07b9b0	application/vnd.rar
manawydan/speecheditor.rar	65361	fa2631155119dce07586f1f040954d7c74868875918ec2dc39ec8b2c797904ef	application/vnd.rar
manawydan/sphere/Axis2_Setup_2.0.1b.exe	135410	88d32c31dd8ee722104c5c6a89fba1097e5c767829bde4eb10b840650eb7661b	application/octet-stream
manawydan/sphere/axis2_source.rar	5207855	acf56dce2ad1c81b3419d609d691cb6f403ce655cf88f560b893aac2ffe9cee4	application/vnd.rar
manawydan/sphere/axis_56_1_2.exe	1122787	b221e2cae3ab4b57b3e13a4d9fb2246d05f83b2f660ff1ece8d089f388307ac9	application/octet-stream
manawydan/sphere/grim_scripts.rar	139759	a36fe29fbd20292db65924d4dc2eb3ee8f2c5deaf5ab43d346ca3d7376ebecaa	application/vnd.rar
manawydan/sphere/grim_scripts2.rar	353118	dbbf49db9dda5dbb6cb1eb2caeff8481abefdec5a889affa9a5c0864c0b70409	application/vnd.rar
manawydan/sphere/the_lost_isles.rar	7502430	ea884a25f84d42cbeb87d3265b21127cc6900f5b190598cb61577bff7c6e9ff3	application/vnd.rar
manawydan/staticfix01.rar	11821	b178dc30e40d9f0ce4a598255355d8910cabfddd5b1029316540ee9ccecb8714	application/vnd.rar
manawydan/tiledataedit.rar	246012	f3ea10cc09d2648cc41a91e9583fa182acb7d99ea246131599ad65066827214f	application/vnd.rar
manawydan/tiledataeditor.rar	97101	847682596c377e822b228bf49251217d3c700cb34dee153410a71b430af59675	application/vnd.rar
manawydan/ultima_online_sdk.rar	37070	7968b985dce1b9146dbb5448e551207976b04c5038b71396fdae593dd710dc8f	application/vnd.rar
manawydan/ultima_online_sdk_2.rar	91288	726c175a8006eaf19a48e64355145c87255b488c589dc510d329aa17180dc946	application/vnd.rar
manawydan/ultima_online_sdk_2_2.rar	19879	057a37d2105655c1c1f00f77754c19d4e9b95ecc143914b01a4ac76af18ad752	application/vnd.rar
manawydan/uoanim.rar	96640	264bc0f72f986d80a8cb25158bee575cc2d74507a608d862d3b2394d0d358037	application/vnd.rar
manawydan/uoanimcalc.rar	15436	1a2cf68b62a3f6837d21f0541556d05547993d4ea83d79c747981a76fedd27b5	application/vnd.rar
manawydan/uoanimtool.rar	32934	7825451eb837960b643bea8a597cf2dd98d413fb7e95a57c6eac095a47bde476	application/vnd.rar
manawydan/uoanimtool1020.rar	35776	89fb178f6fa038d616e28ccbc054a49a6527779521bb67aa7e22b8bffabb2e52	application/vnd.rar
manawydan/uoanimtool1020_source.rar	32493	4275aa4e21818dc738d551dc605bbdbaf44ff8d53d23e581168aca6da1754745	application/vnd.rar
manawydan/uoartextractor.rar	1561558	c0e175ea0a398b3bd045d9196a3c779d8c26723b1cdf1b3944b6ffab956c9d2a	application/vnd.rar
manawydan/uofiddler45b.rar	1434520	ef469ec3d2238d8ebf09c9b68489651d4eea5092b8630f1d608dbd742536f8b9	application/vnd.rar
manawydan/uofiddler45g.rar	809802	c9a5d3cfb21fbbaafb7284db302fe1533d06acda46ded6bfc6be99185ee65648	application/vnd.rar
manawydan/uofiddler_svn2133.rar	492835	3636216cfcca57b690f208f694ba411e5ec18fb9f6e28a14d1873465a3280030	application/vnd.rar
manawydan/uofonteditor.rar	219113	dfc975cb5d702a2f2581238c9dca5f39642240f875bee0eb7bd6c1d8531c5dda	application/vnd.rar
manawydan/uofontseditoralpha2.rar	177176	9b7407587dff2d248a58c2484a4a6defb8fce737b3f44ffc7aa250864ec28494	application/vnd.rar
manawydan/uohe205.rar	281789	f862953117b9f29f9af63cc582e5bfcb5761761bde8cd1197c99f7c3c58cf807	application/vnd.rar
manawydan/uokr/legacyuop_to_mul.rar	77183	ff87e103a8bf8b86ae6037ab7b3abc2a85e59e583e839c2bd6e2c2e49e71e0de	application/vnd.rar
manawydan/uokr/mwmapconverter.rar	42838	d62af38e43b51d73c48e3e99a2fc19ba0072146a2fe271c857a5bac26ee69ba1	application/vnd.rar
manawydan/uokr/uokr_facet_reader.rar	212478	5502cd745e84accdf214ffec17cddb047b6b5820ac66917aebd5059ebcaa5dfe	application/vnd.rar
manawydan/uokr/uokr_facet_reader_source.rar	11468	6f019c5ce322a342571337633ac07a3db98976e1dbb9fe887b5ae3d82984699b	application/vnd.rar
manawydan/uokr/uokr_file_finder.rar	191423	3765978eddb48447e5aa260c1943b76ccc15336298a04ed73aaeb4bf3bdbf38d	application/vnd.rar
manawydan/uolocalization.rar	21323	1e6656cf696d00ed238a3edbe5b2d97c29c540856e51a764f23a7c3437066245	application/vnd.rar
manawydan/uolocalization22.rar	22437	2e13e18bcf63668a9e641980a122b9f971ede1ac00cccb0cf3718f771837a82a	application/vnd.rar
manawydan/uologanalyzer.rar	5069715	93d06272c7ae178d48017ee3f8dba6a2db799046397a9535f984ca38de496421	application/vnd.rar
manawydan/uologanalyzer.swf	1768078	9ad909146df40cd75683549edde215d7523830d1dac678df90668bddce6b3af2	application/x-shockwave-flash
manawydan/uomapeditor-src.rar	448145	e19f4b6582c55ba31d9dd628705f41e72110ad1feff5d8817c1591b9a68efefa	application/vnd.rar
manawydan/uomapeditor.rar	234665	a2c71d1bc9bd549cdac6e45a6e2dbcef80aa6b09fcc79a0631835a50f55a1dec	application/vnd.rar
manawydan/uomapfix06.rar	455941	da764b0db77b1aa172cec078296b2973e610c8e3b2726713ab6d82b969a100a1	application/vnd.rar
manawydan/uomuleditor068.rar	1179739	876a61e4663629e73ff122a895c86824f7a5faa2f06b5c915cc1786843ec80ce	application/vnd.rar
manawydan/uorice.rar	83446	4d4cd8ac019347990dabb6349b03fb640112cb3cdeda54a7f33b15c1e115e3f6	application/vnd.rar
manawydan/uorice_source.rar	1236731	a9fbf3928c66fa4f6c9e19400ce7363955a5b489cffe35dc3fea2077f64b96cf	application/vnd.rar
manawydan/uosir20102beta.rar	345645	0d08b84a6174660868a54bacafabec085d5306fcc65d21f8407301bf8b68b2ad	application/vnd.rar
manawydan/updatemap.rar	122969	3aeb02892966d6b3d604d73338114b3cfb071332c9080f80124ae1c5dbc0ab85	application/vnd.rar
manawydan/vd/autopatcher.rar	727622	74c450b390b08deb5156afa84173ad7e0a1ec91c1641b6eff9ab7a2dbed36d41	application/vnd.rar
manawydan/vd/autopatcher_source.rar	2801481	970a63159c013773b8d8396694f10e9f322a9288a8bed847afe2172c5316eed4	application/vnd.rar
manawydan/vd/mulpatcher.rar	496868	ecd00b4d93680c856ece5592e5dfdfaee3196a84f9b071ede369970da9302479	application/vnd.rar
manawydan/vd/mulpatcher_changelog.txt	1982	9ea08fa3544e09a2dfe9b626081581db146f95b905da5d6ce4199bd7fce62940	text/plain; charset=utf-8
manawydan/vd/mulpatcher_source.rar	1994875	be1984ccf42a9ab3ac897d895f0f6534e2c1b7b505ab983d4779167b140caf94	application/vnd.rar
manawydan/verdata.rar	105207	83dd02fcf80862c5a5e41b79dddf7eeb0ec238834c4c2347d876e1f5dcab88f7	application/vnd.rar
manawydan/wf64r1map2.rar	581522	7c08d190788990e06830d5143845c21c58f411c64a0902eefd7ef02e6f795d1b	application/vnd.rar
manawydan/wf64r1map3.rar	578959	952713d501b66f35758e775df6d19fd0bb3e33a8653011db40654f15daf1071d	application/vnd.rar
manawydan/wf64r2map0.rar	452350	42a537a321244a9f6cccfc003fafd631b80ee1f2e024a8b02e162424b015c86c	application/vnd.rar
manawydan/worldforge64r1_source.rar	523643	b4fbf40e5bc150ba4782f0034ff633109536e877260df23fd61884f2c3375a7b	application/vnd.rar
manawydan/worldforgepol.rar	578588	36962ae61e967280fff698cf5418c1ee577b40e319c2d30ed2b52739fb3a3260	application/vnd.rar
map_-_centred_-_aks_databasis_redmine.pdf	51263	1397efd436bc487206ce0b3c058296e5ace8d0c68a1d19928837ce08a6ea893f	application/pdf
radmap_worldforge141.zip	1702348	2832bb82a726a3a4ebe331870c6222fc5d477c6cb0f49cf0dbabe9b0791b4ccd	application/zip
radmapcopy2_2_0.zip	310632	7faf5dd5b80de30d3d0d6796acdbab9ce7137004e6e976a6a34bb8934fb19a4b	application/zip
sourcecode-dougan-ironfist-runuo-scripts-n-tools.zip	1416815	109bf7a0ae246b7b58545bf6aa06f4ad204bb389cf61731d4852fa3d2785f458	application/zip
toolbox/4gb_patch.zip	21876	c00104288bc6248a60ecdc48b2f3e56d0cfec676db18bc3d228b76368da6a4ec	application/zip
toolbox/ASSORTED SCRIPTS.zip	68021431	65906e3e03dc2830e4f91a1a3dc6313588add26bfaaaf82b31cab9d156b4acff	application/zip
toolbox/Client-Auto-Update-0.87.zip	3408647	61637f64a2fc059c4ac057e7efb44594ee4c97af541230988bf9db7880aaa31c	application/zip
toolbox/Cliloc-Editor-2.zip	19784	c7519bca4b1c0a97426d6195cde08da9ec6497ab9ac5056185e1a2479ad8a9bb	application/zip
toolbox/Codename-Alexandria-EasyUO-OpenEUO.zip	136553944	df87127a9b7212dba74a982c61a6bd3f2c3dc7627402f4bc5cb98862e0fed617	application/zip
toolbox/ConnectUO.zip	19351730	962b328e48610fba3481a8ecb1c626254e6c424c3fa15077af2e773a8ffc0c1c	application/zip
toolbox/Damage-Calculator.zip	132682	182d633c704b25959e707bc64f4a746ad7f64164edd413b79d13a3a7729a7b5d	application/zip
toolbox/Dialog-Studio-1.4-Final.zip	2514306	ebd07bc0cd8e5a56b6878379b913c61470ae5bd70f0d1ff8f367ab6f5cef9652	application/zip
toolbox/Enhanced-Map-0.2.1.12.zip	77752177	6261cdf0a774cbd00c7be57ba32b69812e0391a57864bc33446ff4f2d0d655df	application/zip
toolbox/IRW.zip	6251273	ce599ce2e499a1e922e9717ed3267dad3ad484edc13694837da4fd4f31667cec	application/zip
toolbox/JustUO.zip	80372219	875905a474aa1e0141c20a93f544bec6147343690b8bf8bbe0e46faa47001ddf	application/zip
toolbox/Mass-M-Decompiler.zip	618258	a7acf87816d681039e40a9c7e594d639b350f6c4db95f60a5929aa499b8440a2	application/zip
toolbox/MultiList-BetaRelease5.zip	13423551	626a86672d1e9ed0dc43eca1ce851c413b91935cb308fa8f0a8abaa9784a77ce	application/zip
toolbox/Multi_Scripter-1.1.zip	2224386	701033d2801ba9cfae752f15e78441b59c78bf14a9c75eb93569dd547c7b1fc3	application/zip
toolbox/Mythic-Package-Editor-1.2.3540.29933.zip	9890216	0e6e5bfdddf9098bb9b96a725b2cbd56650932a14482ceaeb2563e8a259f8d52	application/zip
toolbox/Notepad++4.1.2.SphereSCP_Edititon.Installer.zip	1987074	48c2591fd35b538645aae42c067a42aeb01b4e00caee1a852521f33f93bd9f01	application/zip
toolbox/OrB-Multi-Template-Manager-1.0.zip	2360680	c6268eaa3fb2714398e4e52b5120bc98de7e6c143b7128f4faadf6a69fb3a661	application/zip
toolbox/OrionUO-master.zip	28177356	e3292fcbf5b99c857335bc635e5a8d4a8f8731cb558926249654e2fe44701b71	application/zip
toolbox/POLGumpExport.zip	10123	d238562c3d20c2ca851f688f212433f87892a6dabccc34adb44c0d65fd849d86	application/zip
toolbox/POLLaunch-097.zip	38811	01e84a01ce997301c6a375dce2d2e3d20aa1a4c419590304e7f3e8912f18e268	application/zip
toolbox/PolRestart-EMU.zip	64183	f7f9ed9e62d93d7970050264274244855f0ee92c450af1571f02bfefa4eedd30	application/zip
toolbox/Razor-Enhanced.zip	187078831	8708472c1161464ac7a84619ad08e21aad3cc65d60975de3940a2a267df4afc2	application/zip
toolbox/Razor.zip	5453030	706594d61ec4c997f8dd1fa7f60727b454989ee25db0e8a0f2094108e5610acb	application/zip
toolbox/Remote Control.zip	78996458	c08b607264c83d2ae31c82a388d16b1c7f10ccfe30366cfe7579d8ccefa5977f	application/zip
toolbox/SAR-Stygian-Abyss-Re-Loader.zip	101996	5545f8f1fc6e9f062535e83963b0e0bfbc6ab8b5dd37f3c44adc3340df8c9cdc	application/zip
toolbox/SUMP.zip	33426	2965fc7d7d39d56c15d3465e4b975547bd764a0350dc430e0f5392225ae5d0a6	application/zip
toolbox/ScriptAnalizer.zip	409404	f6a2653aa433f9c5fb7b1037a393074df645bcd81613d973689d4fc466da7d16	application/zip
toolbox/Scriptmaker-1.1.zip	31912	9ba6f9c543fa4636826fa62d3b4dacb9724a54f9f58984a2cdaa805ef9196b6f	application/zip
toolbox/ServUO-master.zip	10732429	da5fd373f5c268e894a1112047721855fdf8fb5da3113f7f7fb9152eb11e62ce	application/zip
toolbox/Sharpy.zip	4595025	1e4007850a0ddb0578056a2e72e06eeb3fa671b1bb01a61df3d8db7d0d6ec5c9	application/zip
toolbox/SkillCreator.zip	70359	faa84cd88004793511b10e693687ff65175522cf4c5dafc6747aca261986ebba	application/zip
toolbox/Sphere-Script-Stripper-0.99i-build-10.zip	37032	2120512e56a337293078d0018afaccd03abcf9654ca2e7478625f75de4aaee2e	application/zip
toolbox/Sphere-Syntax-Editor.zip	634018	23c776477c5fcb94327d24b82a035ec53d5215b3abf57d63866a18ef086ca1a8	application/zip
toolbox/Sphere.zip	134288447	af0c3732ca053298723375d2ba830364d3a0de68df9f677aaceaa11d1bf3d2f7	application/zip
toolbox/SphereMonitor.zip	14833	f966704b9e90dd8ca91b79a2493cdb88189c5de3146323a332a9c33caa6a0253	application/zip
toolbox/SphereScriptGenerator.zip	372092	0cb1e1820ef624f24e1e1485576d8ad9e08d1b73a3cab8f9383286719a50be68	application/zip
toolbox/SphereScripter.zip	41682	19fe7fe9304db049ae38fd5f3a42307013d5904765153968b29d41c45fbfa40d	application/zip
toolbox/SphereService.zip	205451	c425238648269690db28ffd6f71f9305a51bf301e02d7ff8f3ad4eea865a9b71	application/zip
toolbox/SpyUO.zip	626076	1fdff1de943cc89e2b4b52db0e797f207d524b66078487bad0a0810dd3c11372	application/zip
toolbox/Terra-Mystica-Tool.zip	253289	25e49b456007d282dbe3cff7147b2ce63f1cfa2ebbc9fcef20e1a8ecd41c527f	application/zip
toolbox/UO-Companion.zip	1791146	2dd3cf24c09d92b9877ac043e9f4aad23b5bf14eaae5349ba5644ae1e2311a5a	application/zip
toolbox/UO-Hue-Editor.zip	233035	3dedca77361d3eabc5244217b434ebb759d7056603996bed839a40c6dd2e1398	application/zip
toolbox/UO-Loop.zip	47641	49db87e91327e1867bfdb4443dc22c1877c45eee6636c637996eae0ef4617e5f	application/zip
toolbox/UO-Patch-File-Maker-3.0-final.zip	729036	abaa8c3b1e6b82e204150388ab0c2c427b07157c6fa88fab4b6bb2a5bb70e7b0	application/zip
toolbox/UO-Spawn-Map-Utility.zip	2446995	78fa4982816f462900d5bae8c41fdc9b4a087fc09bd328815dcbf05a5fb33181	application/zip
toolbox/UO-Treasure-Hunter-Tools.zip	1305180	771ad1ea44908169239cefe00d997d5da0b124700288f2d6b4b6fb9cd35d11c3	application/zip
toolbox/UO-Wedding-Setup-3.1.0.zip	2311268	b348c26ffdaf6f0aa55379bf2d3aff69fb2981f6a9d9de7b44681ed0edba4f72	application/zip
toolbox/UO3DMV-R.6.zip	432877	cc2bbfdfd60c43bc7028defaf2df9b631c4aa27f51e8785cca3a2383a1bc2434	application/zip
toolbox/UOAssist.zip	183549060	831c2805ea8b3dcb2b3799ff119c2367ae1e5a00af2c4d7a0bc532ba18031d8a	application/zip
toolbox/UOCH-Ignition.zip	39526	7b5d90894517401a0be6cdfddb253aa594dcd1e9dd2d433c28210bb47f74b3a9	application/zip
toolbox/UOCH.zip	288459	0f7e50b6d3d7a202c40215a5eaef52aee0623c23e621b0db9a27d46048469d27	application/zip
toolbox/UOCartographer.zip	30461355	43b4c4e77d9499f1ecc047f3cb6dfa1d55c5c4a3029bc03104d093cec30c2418	application/zip
toolbox/UOCoast-1.0.zip	106990	ab811b582142168bc562611474e01da33e52d5877539ea71096c46341ec43b53	application/zip
toolbox/UOCopy-1.0.zip	104272	12cc5753ea70d5e2a209388e231618ca8927141b908b2b393f7708e0d79e113b	application/zip
toolbox/UOGateway-1.9.0.1266-BETA.zip	352222	37777fc964827b3e71fce963edf3edfc5673fc86e1367d98950b5bd696803006	application/zip
toolbox/UOHelper-1.0.zip	250477	5c1c64d5e94d0a64405223fcd05988070857bdf5b6b92b4e99072b68151dc02d	application/zip
toolbox/UOLaunchPad.zip	118333	8115af7b7b91b48b4dc85b431a0706d033bacdc02bc840149177b2874aaf9516	application/zip
toolbox/UOLog-1.2-Source.zip	40585	ab10ea3cf63918d603b2d7927dcddf5ffd25f990369b58210c414b1aed280449	application/zip
toolbox/UOMON-LoginServerMonitor.zip	24530	5872ddad85a7d9961df4bc96112f6bd07fac39229cb3a6a394eae967beb0e811	application/zip
toolbox/UOPaperdoll-master.zip	8916	6f3ae8b332ba1ce17e98c0ceca05d1830a5575d9baff930814e181dc98d98428	application/zip
toolbox/UOSTEAM.zip	13693553	9b567825a32371be44a1a929c7eba036bbe1c1d56efa6f439d2e5b7f1b1255aa	application/zip
toolbox/UOX3.zip	5453915	58a547e67be6a09a140748146458cdc70e41f241ec5373d8cd00695a68d0b4c4	application/zip
toolbox/Ultima-Mapper.zip	126842778	28cb72191ee43412240a2136a784c87a3ffa3cdfaf6573432c18d014fddd9f1c	application/zip
toolbox/UltimaLive-master.zip	11574304	205db091d81d27fceada2ea941db15aaae863f835316214417e2b47e945c603e	application/zip
toolbox/UoLoopX.zip	84268	f81d9c3b72ca4c388433db65f1185955473952538489e9279f38766269de8090	application/zip
toolbox/UoPlugIn-Version-4.2.zip	37033	6ca35697a74cd7f176c2e9ac5689d3dccfdeddfd9af651f49b2d09342d46e880	application/zip
toolbox/Vita-Nex-Core-5.2.0.0.zip	1031926	ad00b3ede7339ce20f29d4f02452ffac684cae1380eb608f97848c32f81686ba	application/zip
toolbox/WolfPack-12.9.13-BETA.zip	3637370	fd80222790b9b1af435211e3878c5d15f6cb9aa2e6f38baa0d077cb89f1f4fba	application/zip
toolbox/XMLSpawner-master.zip	1610294	06bf82f11a90fb998951df29a63bb31b9c773e72450744f9c42f0c14b164e0ba	application/zip
toolbox/polserver-master.zip	106272756	a489a7804023bab00c14d7ef9375ca861d16e4258bffa4cbff8c7eca7bae530f	application/zip
toolbox/vCrypter-1.2.zip	893433	474c55ce6d5f4db617d78cd49613bfa143d91d2f262dc0915954520504da6056	application/zip
toolbox/vServerLauncher-1.1.zip	1038695	fbb1ea7a4f11eaddf8490d31787eed586be10f3405c19d2b66a167920254f219	application/zip
vscp.zip	633508	f59ee407690bf1557830dc5727ad5da4b47a42bfeae32e9b6d7b3502e20e0790	application/zip
